{
    "alpinejs-alpine": "frontend-framework",
    "angular-angular": "frontend-framework",
    "angular-components": "ui-library",
    "Ogyeet10-animejs-docs": "generic",
    "juliangarnier-anime": "generic",
    "ant-design-ant-design": "ui-library",
    "withastro-docs": "frontend-framework",
    "twbs-bootstrap": "ui-library",
    "chartjs-Chart.js": "generic",
    "coollabsio-coolify": "devops-tool",
    "get-convex-convex-backend": "backend-framework",
    "unclecode-crawl4ai": "dev-service-sdk",
    "d3-d3": "generic",
    "dbt-labs-docs.getdbt.com": "devops-tool",
    "directus-docs": "backend-framework",
    "django-django": "backend-framework",
    "docker-docs": "devops-tool",
    "facebook-docusaurus": "build-tool",
    "elastic-elasticsearch": "database",
    "11ty-11ty-website": "build-tool",
    "eslint-eslint.org": "devops-tool",
    "exceljs-exceljs": "generic",
    "expo-expo": "frontend-framework",
    "tiangolo-fastapi": "backend-framework",
    "firebase-firebase-ios-sdk": "dev-service-sdk",
    "mendableai-firecrawl": "dev-service-sdk",
    "pallets-flask": "backend-framework",
    "frappe-frappe": "backend-framework",
    "grafana-grafana": "devops-tool",
    "jquery-jquery": "frontend-framework",
    "kubernetes-website": "devops-tool",
    "lucide-icons-lucide": "ui-library",
    "magento-magento2": "backend-framework",
    "mermaid-js-mermaid": "generic",
    "modelcontextprotocol-docs": "generic",
    "modelcontextprotocol-typescript-sdk": "dev-service-sdk",
    "mongodb-docs": "database",
    "mui-material-ui": "ui-library",
    "n8n-io-n8n-docs": "devops-tool",
    "neondatabase-website": "database",
    "vercel-next.js": "frontend-framework",
    "nextauthjs-docs": "authentication-provider",
    "nodejs-nodejs.org": "generic",
    "odoo-documentation": "backend-framework",
    "ollama-ollama": "dev-service-sdk",
    "open-webui-docs": "ui-library",
    "openai-openai-cookbook": "dev-service-sdk",
    "microsoft-playwright": "testing-library",
    "plotly-graphing-library-docs": "generic",
    "pnpm-pnpm": "build-tool",
    "postgres-postgres": "database",
    "prettier-prettier": "devops-tool",
    "puppeteer-puppeteer": "testing-library",
    "pydantic-pydantic-ai": "dev-service-sdk",
    "qdrant-qdrant": "database",
    "facebook-react": "frontend-framework",
    "facebook-react-native": "frontend-framework",
    "remix-run-react-router": "frontend-framework",
    "remix-run-remix": "frontend-framework",
    "RooVetGit-Roo-Code": "generic",
    "RooVetGit-Roo-Code-Docs": "generic",
    "rails-rails": "backend-framework",
    "rust-lang-book": "generic",
    "SeleniumHQ-seleniumhq.github.io": "testing-library",
    "getsentry-sentry-docs": "devops-tool",
    "huntabyte-shadcn-svelte": "ui-library",
    "shadcn-ui-ui": "ui-library",
    "Shopify-shopify-app-js": "dev-service-sdk",
    "stripe-stripe-php": "dev-service-sdk",
    "stripe-stripe-js": "dev-service-sdk",
    "supabase-supabase": "database",
    "sveltejs-svelte": "frontend-framework",
    "symfony-symfony-docs": "backend-framework",
    "hashicorp-terraform": "devops-tool",
    "mrdoob-three.js": "generic",
    "ueberdosis-tiptap": "frontend-framework",
    "ueberdosis-tiptap-docs": "frontend-framework",
    "microsoft-TypeScript-Website": "generic",
    "astral-sh-uv": "build-tool",
    "encode-uvicorn": "backend-framework",
    "vitejs-vite": "build-tool",
    "vitest-dev-vitest": "testing-library",
    "vuejs-docs": "frontend-framework",
    "WordPress-wordpress-develop": "backend-framework",
    "WordPress-wordpress.org": "backend-framework",
    "cloudflare-workers-sdk": "dev-service-sdk",
    "yarnpkg-website": "build-tool",
    "colinhacks-zod": "generic",
    "python": "generic",
    "golang": "generic",
    "rust": "generic"
  }